Group hierarchy,Region,Service,Upfront,Monthly,First 12 months total,Currency,Configuration summary
Increased_Cost Estimate.csv,US East (N. Virginia),S3 Standard,0,1177.6,14131.2,USD,S3 Standard storage (50 TB per month)
Increased_Cost Estimate.csv,US East (N. Virginia),Data Transfer,0,0,0,USD,Data Transfer
Increased_Cost Estimate.csv,US East (N. Virginia),S3 Standard,0,1177.6,14131.2,USD,S3 Standard storage (50 TB per month)
Increased_Cost Estimate.csv,US East (N. Virginia),Data Transfer,0,0,0,USD,Data Transfer
Increased_Cost Estimate.csv,US East (N. Virginia),Amazon RDS for MySQL,0,13563.512,162762.14,USD,"Quantity (2), Storage for each RDS instance (General Purpose SSD (gp2)), Storage amount (12.5 TB), Instance type (db.m5.12xlarge)"
Increased_Cost Estimate.csv,US East (N. Virginia),Amazon EC2,0,1814.94,21779.28,USD,"Operating system (Linux), Quantity (2), Storage for each EC2 instance (General Purpose SSD (gp2)), Storage amount (30 GB), Instance type (m4.10xlarge)"
Increased_Cost Estimate.csv,US East (N. Virginia),Amazon EC2,0,838.2,10058.4,USD,"Operating system (Linux), Quantity (2), Storage for each EC2 instance (General Purpose SSD (gp2)), Storage amount (30 GB), Instance type (m5d.4xlarge)"
Increased_Cost Estimate.csv,US East (N. Virginia),Amazon Virtual Private Cloud (VPC),0,526.5,6318,USD,Number of NAT Gateways (2)
,,,,,,,
,,,,,,,
,,,,,,,
"AWS Pricing Calculator provides only an estimate of your AWS fees and doesn't include any taxes that might apply. Your actual fees depend on a variety of factors, including your actual usage of AWS services.",,,,,,,
,,,,,,,
,,,,,,,
I did incresee the specs of the RDS DB and I did added more storage in s3 and I did improve the specs of EC2 serveers for my applications and Webserver,,,,,,,
