Group hierarchy,Region,Service,Upfront,Monthly,First 12 months total,Currency,Configuration summary
My Estimate,US East (N. Virginia),S3 Standard,0,235.52,2826.24,USD,S3 Standard storage (10 TB per month)
My Estimate,US East (N. Virginia),Data Transfer,0,0,0.00,USD," Inbound (from: Not selected) 0 TB per month 
 Outbound (to: Not selected) 0 TB per month 
"
My Estimate,US East (N. Virginia),Amazon RDS for MySQL,0,7689.312,92271.74,USD,"Quantity (2), Storage for each RDS instance (General Purpose SSD (gp2)), Storage amount (30 GB)"
My Estimate,US East (N. Virginia),Elastic Load Balancing,0,324.85,3898.20,USD,Number of Application Load Balancers (2)
My Estimate,US East (N. Virginia),Amazon EC2,0,143.68,1724.16,USD,"Operating system (Linux), Quantity (2), Storage for each EC2 instance (General Purpose SSD (gp2)), Storage amount (30 GB), Instance type (t3a.xlarge)"
My Estimate,US East (N. Virginia),Amazon EC2,0,838.2,10058.40,USD,"Operating system (Linux), Quantity (2), Storage for each EC2 instance (General Purpose SSD (gp2)), Storage amount (30 GB), Instance type (r5a.4xlarge)"
My Estimate,US East (N. Virginia),Amazon Virtual Private Cloud (VPC),0,36.5,438.00,USD,Number of Site-to-Site VPN Connections (1)
My Estimate,US East (N. Virginia),Amazon Virtual Private Cloud (VPC),0,68.4,820.80,USD,Number of NAT Gateways (2)



"AWS Pricing Calculator provides only an estimate of your AWS fees and doesn't include any taxes that might apply. Your actual fees depend on a variety of factors, including your actual usage of AWS services."
