Group hierarchy,Region,Service,Upfront,Monthly,First 12 months total,Currency,Configuration summary
Reduced_Cost_Estimate.csv,US East (N. Virginia),S3 Standard,0,235.52,2826.24,USD,S3 Standard storage (10 TB per month)
Reduced_Cost_Estimate.csv,US East (N. Virginia),Data Transfer,0,0,0,USD," Inbound (from: Not selected) 0 TB per month 
 Outbound (to: Not selected) 0 TB per month 
"
Reduced_Cost_Estimate.csv,US East (N. Virginia),S3 Standard,0,235.52,2826.24,USD,S3 Standard storage (10 TB per month)
Reduced_Cost_Estimate.csv,US East (N. Virginia),Data Transfer,0,0,0,USD," Inbound (from: Not selected) 0 TB per month 
 Outbound (to: Not selected) 0 TB per month 
"
Reduced_Cost_Estimate.csv,US East (N. Virginia),Amazon RDS for MySQL,0,3500.584,42007.01,USD,"Quantity (2), Storage for each RDS instance (General Purpose SSD (gp2)), Storage amount (2 TB), Instance type (db.m5.4xlarge)"
Reduced_Cost_Estimate.csv,US East (N. Virginia),Amazon EC2,0,838.2,10058.4,USD,"Operating system (Linux), Quantity (2), Storage for each EC2 instance (General Purpose SSD (gp2)), Storage amount (30 GB)"
Reduced_Cost_Estimate.csv,US East (N. Virginia),Amazon EC2,0,838.2,10058.4,USD,"Operating system (Linux), Quantity (2), Storage for each EC2 instance (General Purpose SSD (gp2)), Storage amount (30 GB)"
Reduced_Cost_Estimate.csv,US East (N. Virginia),Amazon EC2,0,143.68,1724.16,USD,"Operating system (Linux), Quantity (2), Storage for each EC2 instance (General Purpose SSD (gp2)), Storage amount (30 GB)"
Reduced_Cost_Estimate.csv,US East (N. Virginia),Amazon Virtual Private Cloud (VPC),0,526.5,6318,USD,Number of NAT Gateways (2)
,,,,,,,
,,,,,,,
,,,,,,,
"AWS Pricing Calculator provides only an estimate of your AWS fees and doesn't include any taxes that might apply. Your actual fees depend on a variety of factors, including your actual usage of AWS services.",,,,,,,
,,,,,,,
,,,,,,,
I did change on the the storage on the RDS DB and the Specs of the DB ,,,,,,,
